GISJOIN,time
G5600450,69.01250222604722
G5600450,75.13486853707582
G5600450,73.20243107806891
G5600450,66.80214228620753
G5600450,65.58361178310588
G5600450,71.66813090909272
G5600450,76.11702326266095
G5600450,73.44028818933293
G5600450,78.91742559755221
G5600450,78.35657726414502
G5600450,74.95953743718565
G5600450,71.26070792321116
G5600450,76.1128443069756
G5600450,77.06532058725134
G5600450,76.21101717697456
G5600450,74.81103171617724
G5600450,72.17362298397347
G5600450,70.25162247009575
G5600450,77.71543108206242
G5600450,76.7523316508159
G5600450,76.21700845984742
G5600450,74.89227603562176
G5600450,78.22506955405697
G5600450,71.65678724320605
G5600450,67.47961660521105
G5600450,75.8211774919182
G5600450,37.340878079645336
G5600450,73.24156744591892
G5600450,75.95731438416988
G5600450,70.17447273014113
G5600450,76.52439890708774
G5600450,73.07710026018322
G5600450,72.29988913796842
G5600450,72.72238331707194
G5600450,74.88823095802218
G5600450,66.71454632189125
G5600450,78.853631765116
G5600450,78.93825582787395
G5600450,74.42039774497971
G5600450,76.89034695690498
G5600450,70.34710725024343
G5600450,74.46311090514064
G5600450,82.51935194991529
G5600450,74.37185548525304
G5600450,75.61381361819804
G5600450,75.34350969735533
G5600450,73.38239005813375
G5600450,71.5865588709712
G5600450,77.1483706641011
G5600450,74.47701759869233
G5600450,73.5410016067326
G5600450,75.45172912580892
G5600450,75.90614178264514
G5600450,72.35425361990929
G5600450,73.33523367671296
G5600450,79.73805509088561
G5600450,68.89525603502989
G5600450,71.69953746488318
G5600450,73.78764529898763
G5600450,71.51147398725152
G5600450,77.14669238124043
G5600450,71.58453562110662
G5600450,62.39265564875677
G5600450,72.09444770077243
G5600450,67.49123034672812
G5600450,89.31512771127746
G5600450,77.76425414625555
G5600450,71.44516845792532
G5600450,77.5263500791043
G5600450,75.18551428196952
G5600450,70.57552148867399
G5600450,71.86753503140062
G5600450,74.74809767305851
G5600450,67.34714795602486
G5600450,73.40928945178166
G5600450,73.48008472286165
G5600450,74.70585415977985
G5600450,72.03429976571351
G5600450,81.93473624670878
G5600450,65.84012506576255
G5600450,72.19083323003724
G5600450,72.93650086037815
G5600450,73.49207954201847
G5600450,73.49690256267786
G5600450,74.69281359389424
G5600450,72.01664599729702
G5600450,74.45782829588279
G5600450,72.92328642727807
G5600450,70.46909751091152
G5600450,74.24230592977256
G5600450,72.69778830232099
G5600450,71.21115562319756
G5600450,74.02954352926463
G5600450,76.7063597580418
G5600450,79.6523877447471
G5600450,73.17928845901042
G5600450,69.24951495043933
G5600450,73.75729139940813
G5600450,73.04153018258512
G5600450,72.15762824099511
G5600450,67.75996850943193
G5600450,72.70883420808241
G5600450,76.98991939006373
G5600450,76.40383730782196
G5600450,77.87316011823714
G5600450,77.73279521614313
G5600450,73.7889866642654
G5600450,71.73603501915932
G5600450,70.6668469721917
G5600450,70.3418032899499
G5600450,72.98059230297804
G5600450,72.00006134388968
G5600450,73.89062064094469
G5600450,64.76970586599782
G5600450,71.37884117010981
G5600450,75.40003693802282
G5600450,72.96615928132087
G5600450,77.06185854785144
G5600450,73.1036646203138
G5600450,72.45246745389886
G5600450,76.60695862723514
G5600450,38.47543404484168
G5600450,73.10399629501626
G5600450,71.37354214396328
G5600450,73.55512633407488
G5600450,75.19012591894716
G5600450,70.74251198675483
G5600450,72.05877531482838
G5600450,77.17519872216508
G5600450,71.60912357922643
G5600450,72.02976203616709
G5600450,71.8751734890975
G5600450,73.06872805766761
G5600450,77.01509707281366
G5600450,67.93438867293298
G5600450,69.8954852973111
G5600450,75.10404742695391
G5600450,70.31876499578357
G5600450,69.8433150597848
G5600450,76.08038243465126
G5600450,74.62678629206493
G5600450,81.8672296977602
G5600450,72.73324079671875
G5600450,72.54972328618169
G5600450,73.88454021094367
G5600450,37.7845105221495
G5600450,72.17292972793803
G5600450,77.0620692060329
G5600450,73.1864780569449
G5600450,69.52084724931046
G5600450,73.06244728202
G5600450,69.81853776611388
G5600450,78.94975092122331
G5600450,75.34788975166157
G5600450,69.53833189466968
G5600450,73.02270756429061
G5600450,73.59089918108657
G5600450,81.47679543634877
G5600450,76.90420524729416
G5600450,75.62690374907106
G5600450,73.18450805684552
G5600450,68.59385950025171
G5600450,72.94973294623196
G5600450,72.5051134917885
G5600450,71.6947953547351
G5600450,67.55711904866621
G5600450,69.09032905800268
G5600450,71.20646872418001
G5600450,74.21581438882276
G5600450,72.37883683480322
G5600450,72.21759934723377
G5600450,68.37231481587514
G5600450,73.23851341987029
G5600450,72.32804018491879
G5600450,72.63887236872688
G5600450,74.63703979505226
G5600450,68.66769644105807
G5600450,73.45286067668349
G5600450,80.42619020259008
G5600450,72.95480865007266
G5600450,75.62885281722993
G5600450,75.91272202180699
G5600450,66.11446207528934
G5600450,72.21719971112907
G5600450,72.06483893236145
G5600450,85.07973574381322
G5600450,69.52361672418192
G5600450,71.53692252002656
G5600450,70.8321789149195
G5600450,72.93711582990363
G5600450,73.48174559697509
G5600450,74.84084209008142
G5600450,74.89917252305895
G5600450,69.75999885471538
G5600450,90.04814541665837
G5600450,71.33612062130123
G5600450,82.37004748312756
G5600450,75.37032575206831
G5600450,65.47530008619651
G5600450,72.34166837576777
G5600450,36.2025683154352
G5600450,74.26187979057431
G5600450,73.78657522983849
G5600450,70.55814353516325
G5600450,74.16280818497762
G5600450,68.21089561795816
G5600450,69.0135184689425
G5600450,76.12663434026763
G5600450,76.73806277196854
G5600450,72.6926070000045
G5600450,73.14470334816724
G5600450,71.26389246806502
G5600450,77.68271622713655
G5600450,71.2660106671974
G5600450,72.30047249910422
G5600450,73.55617193039507
G5600450,74.3554523079656
G5600450,69.47357376897708
G5600450,66.74271214706823
G5600450,81.73126666620374
G5600450,69.94580155285075
G5600450,62.000544605311006
G5600450,73.93600079603493
G5600450,68.63424516282976
G5600450,74.51636901218444
G5600450,65.45141256321222
G5600450,85.56666773324832
G5600450,81.16936533618718
G5600450,80.14711354160681
G5600450,75.18121397821233
G5600450,76.40901355771348
G5600450,80.57759723998606
G5600450,72.75981321698055
G5600450,73.22922140127048
G5600450,63.166257571894675
G5600450,69.1797103448771
G5600450,58.812257861252874
G5600450,72.7708173932042
G5600450,69.08451139787212
G5600450,77.20822517294437
G5600450,70.66419282089919
G5600450,73.56303897220641
G5600450,76.04769515711814
G5600450,75.31830560415983
G5600450,73.2402332262136
G5600450,78.06596910022199
G5600450,76.02645670296624
G5600450,71.7426040628925
G5600450,80.40170157933608
G5600450,73.41993288416415
G5600450,72.53802238823846
G5600450,64.19875934906304
G5600450,79.95404788618907
G5600450,74.92362365312874
G5600450,82.41790607618168
G5600450,70.1088383179158
G5600450,70.9527398920618
G5600450,72.98425628663972
G5600450,70.85513135418296
G5600450,72.26064927084371
G5600450,89.45802285103127
G5600450,70.61874018795788
G5600450,72.85230408608913
G5600450,72.93198439572006
G5600450,76.81520923413336
G5600450,73.66390009317547
G5600450,72.73259240016341
G5600450,70.1750002540648
G5600450,75.29976632911712
G5600450,77.15100474702194
G5600450,72.53928894922137
G5600450,75.14206737978384
G5600450,70.2945571327582
G5600450,71.26147924363613
G5600450,82.80094749387354
G5600450,80.43955172086135
G5600450,76.4966821372509
G5600450,84.97145130485296
G5600450,78.52510471921414
G5600450,70.96221206709743
G5600450,80.93559787841514
G5600450,77.03948384011164
G5600450,76.41321608936414
G5600450,69.59305589925498
G5600450,73.84756398014724
G5600450,73.52644960116595
G5600450,22.307989679276943
G5600450,74.36839919397607
G5600450,77.92788713192567
G5600450,67.22484983922914
G5600450,74.03523851931095
G5600450,72.59374012425542
G5600450,66.49335105996579
G5600450,74.04871020279825
G5600450,73.839749366045
G5600450,75.83475051727146
G5600450,73.24720189813524
G5600450,72.80838856380433
G5600450,79.99432686343789
G5600450,72.86603630986065
G5600450,69.7362570031546
G5600450,79.35729285795242
G5600450,78.32295186910778
G5600450,71.0859481007792
G5600450,81.64074971573427
G5600450,39.821224925573915
G5600450,72.1882105730474
G5600450,74.6971452771686
G5600450,78.79471415793523
G5600450,69.43632818758488
G5600450,74.89940008893609
G5600450,71.16610180772841
G5600450,73.54003876866773
G5600450,77.11422216333449
G5600450,68.78613552683964
G5600450,84.1499544181861
G5600450,72.43385548423976
G5600450,74.58684446103871
G5600450,69.41585135413334
G5600450,73.64678641036153
G5600450,72.63461238378659
G5600450,76.30577702913433
G5600450,74.78152627171949
G5600450,72.15657426184043
G5600450,72.58076544990763
G5600450,71.81128270877525
G5600450,89.70357072306797
G5600450,75.40493117785081
G5600450,72.4155859281309
G5600450,76.52747874287888
G5600450,71.98906877497211
G5600450,72.86658942699432
G5600450,72.05129452841356
G5600450,68.34299245709553
G5600450,74.78095261007547
G5600450,74.28182907123119
G5600450,82.07626461004838
G5600450,76.91256848815829
G5600450,71.22108599310741
G5600450,69.01672253711149
G5600450,75.90402828296646
G5600450,72.29108860902488
G5600450,74.78482804261148
G5600450,76.16600384004414
G5600450,74.21764366794378
G5600450,72.84888692805544
G5600450,73.27880290802568
G5600450,72.96692696912214
G5600450,74.76772145507857
G5600450,78.62806447129697
G5600450,69.52549311099574
G5600450,73.93635104224086
G5600450,73.81665978813544
G5600450,72.7550473921001
G5600450,71.724063557107
G5600450,74.38848968781531
G5600450,72.50058512203395
G5600450,67.21382980328053
G5600450,67.3066630428657
G5600450,72.50345002068207
G5600450,88.45979026006535
G5600450,74.0399893950671
G5600450,73.89184547681361
G5600450,73.92727781599388
G5600450,72.3429849226959
G5600450,68.71318849595264
G5600450,70.91300328494981
G5600450,70.12358456198126
G5600450,67.31897558597848
G5600450,77.04219886427745
G5600450,72.62263689935207
G5600450,72.05495874397457
G5600450,70.97966266889125
G5600450,36.22013717703521
G5600450,71.8910760730505
G5600450,72.67992196697742
G5600450,81.51331738336012
G5600450,73.36537283286452
G5600450,77.73758112778887
G5600450,73.78047270188108
G5600450,69.07622421393171
G5600450,74.77433250891045
G5600450,70.42479411698878
G5600450,71.63757999520749
G5600450,72.76148453401402
G5600450,72.20099422894418
G5600450,72.33398786885664
G5600450,74.39850910520181
G5600450,80.51033794134855
G5600450,69.74447534419596
G5600450,73.06867846334353
G5600450,72.20998764690012
G5600450,73.27175305085257
G5600450,76.04057442909107
G5600450,67.86673064064234
G5600450,72.9771768078208
G5600450,74.40451817726716
G5600450,73.3389643621631
G5600450,68.50260108709335
G5600450,71.20244236756116
G5600450,77.88930239528418
G5600450,72.11040711496025
G5600450,72.2610625801608
G5600450,78.18576853815466
G5600450,75.61569882696494
G5600450,74.09386852709576
G5600450,72.76174919027835
G5600450,83.11797650763765
G5600450,72.65665209107101
G5600450,76.93175823427737
G5600450,74.67672248184681
G5600450,71.8688523042947
G5600450,69.98133265506476
G5600450,76.7866930058226
G5600450,76.78485825285316
G5600450,78.42376577993855
G5600450,74.2633268632926
G5600450,73.05665724026039
G5600450,75.27998213097453
G5600450,75.60379546694458
G5600450,71.77670440496877
G5600450,73.38408487476408
G5600450,65.33355251420289
G5600450,68.78159222565591
G5600450,73.49154030624777
G5600450,76.3841276508756
G5600450,64.66514080017805
G5600450,69.28349818615243
G5600450,71.40379541832954
G5600450,72.2772312387824
G5600450,73.04800512082875
G5600450,75.6319429280702
G5600450,77.73267876496539
G5600450,74.52098766388372
G5600450,76.810563437175
G5600450,65.85078740585595
G5600450,73.12327616196126
G5600450,44.24666398297995
G5600450,72.8838884071447
G5600450,74.14703516801819
G5600450,72.8432009620592
G5600450,69.80571950506419
G5600450,69.248844220303
G5600450,73.1567993350327
G5600450,81.76290848106146
G5600450,78.27220182074234
G5600450,73.21809061383829
G5600450,77.70585009129718
G5600450,79.54078650195152
G5600450,73.01937992800958
G5600450,75.33036523591727
G5600450,74.07753534801304
G5600450,73.29525519302115
G5600450,71.67831043805927
G5600450,81.7418030849658
G5600450,76.43574154702947
G5600450,73.23239162610844
G5600450,66.64515226101503
G5600450,71.52873778995126
G5600450,71.28121502278373
G5600450,88.12369051435962
G5600450,70.67764884512872
G5600450,75.94535234523937
G5600450,75.44961323402822
G5600450,77.7084530168213
G5600450,78.38708452973515
G5600450,72.32492497377098
G5600450,68.64209452783689
G5600450,72.07034591212869
G5600450,69.93137088278309
G5600450,75.18791771307588
G5600450,66.04005480790511
G5600450,72.57760037994012
G5600450,70.24289380107075
G5600450,76.13764709001407
G5600450,72.23216269118711
G5600450,75.75870248768479
G5600450,76.51328212628141
G5600450,74.58598520280793
G5600450,72.17325374600478
G5600450,75.72598272608593
G5600450,74.86597652314231
G5600450,74.91962670860812
G5600450,81.33845418831334
G5600450,68.24350106390193
G5600450,66.8201125250198
G5600450,80.03524527093396
G5600450,72.23852407000959
G5600450,71.80677867867053
G5600450,74.24177164211869
G5600450,70.56191028328612
G5600450,65.56789258122444
G5600450,73.12835942488164
G5600450,70.99268321925774
G5600450,72.80130602233112
G5600450,73.6078825481236
G5600450,70.33894023811445
G5600450,72.46342514688149
G5600450,75.97754366276786
G5600450,73.93103908700868
G5600450,79.07854649890214
G5600450,69.76375711616129
G5600450,73.86912283208221
G5600450,69.26683718385175
G5600450,72.06867625098675
G5600450,86.88703277008608
G5600450,70.05864508496597
G5600450,85.13704827893525
G5600450,72.78674614615738
G5600450,72.92975673777983
G5600450,71.76530747301877
G5600450,73.77894978411496
G5600450,88.64854078786448
G5600450,76.96155849983916
G5600450,70.32188407704234
G5600450,69.3096188060008
G5600450,73.43181371502578
G5600450,71.06225914508104
G5600450,78.66043064184487
G5600450,83.52583271311596
G5600450,22.47797150723636
G5600450,76.83890847256407
G5600450,70.52719284035265
G5600450,69.57219142885879
G5600450,74.35997200384736
G5600450,71.44382407516241
G5600450,74.37149442918599
G5600450,70.9449016219005
G5600450,70.86886988719925
G5600450,74.72498189099133
G5600450,70.94173088483512
G5600450,69.47371615888551
G5600450,73.34117676597089
G5600450,83.20115128997713
G5600450,71.24415387725458
G5600450,69.61618140991777
G5600450,72.0910043893382
G5600450,69.87656648084521
G5600450,72.94569047912955
G5600450,71.30382137093693
G5600450,74.15322778467089
G5600450,72.15394625207409
G5600450,75.85723143676296
G5600450,74.52303937403485
G5600450,72.34569216193631
G5600450,72.45402440987527
G5600450,73.21476206695661
G5600450,76.33328668726608
G5600450,67.10808275500312
G5600450,64.75165846990421
G5600450,71.8429333679378
G5600450,71.53199785435572
G5600450,75.49062968604267
G5600450,64.90554932085797
G5600450,77.03238770412281
G5600450,66.09273036010563
G5600450,77.64922442566603
G5600450,71.4710468580015
G5600450,73.29413802316412
G5600450,84.34015122801065
G5600450,73.59244581032544
G5600450,79.34061839105561
G5600450,73.03157853614539
G5600450,73.46527993818745
G5600450,71.67206114903092
G5600450,70.22339651687071
G5600450,74.1822494850494
G5600450,78.90948897879571
G5600450,76.05345861474052
G5600450,65.75561174377799
G5600450,75.09181553777307
G5600450,69.84480425156653
G5600450,71.89225778961554
G5600450,72.9294638861902
G5600450,71.53278738306835
G5600450,77.10772300418466
G5600450,69.5768620413728
G5600450,73.47085906285793
G5600450,72.71235304512084
G5600450,73.91437875200063
G5600450,68.84432562533766
G5600450,65.31350685376674
G5600450,73.00365116307512
G5600450,75.37309032399207
G5600450,71.17912865290418
G5600450,77.92622541403398
G5600450,71.6266774549149
G5600450,71.53658065665513
G5600450,76.9435651912354
G5600450,78.60698377387598
G5600450,76.76447572093457
G5600450,73.21612416394055
G5600450,71.69580807117745
G5600450,80.37146952096373
G5600450,69.12204054323956
G5600450,73.40623895218596
G5600450,75.60187090002
G5600450,73.67773065017536
G5600450,74.71628939220682
G5600450,73.79409320978448
G5600450,75.07940622186288
G5600450,76.20446746097878
G5600450,69.77789780776948
G5600450,74.2159277847968
G5600450,74.69588889204897
G5600450,71.33126932289451
G5600450,67.06693544890732
G5600450,72.96730461530387
G5600450,80.47247683117166
G5600450,69.74740025401115
G5600450,78.11045958194882
G5600450,70.27778786607087
G5600450,73.84642514539883
G5600450,70.89567798702046
G5600450,70.57156919315457
G5600450,70.02977439574897
G5600450,73.83400229876861
G5600450,73.08540750108659
G5600450,77.41393106523901
G5600450,73.98529789503664
G5600450,76.23916315007955
G5600450,75.64600460790098
G5600450,71.40373423974961
G5600450,67.93173062009737
G5600450,71.2751932181418
G5600450,71.68416756205261
G5600450,73.52498929994181
G5600450,74.51821340387687
G5600450,75.37777986284345
G5600450,74.7946956451051
G5600450,70.10109697887674
G5600450,77.97040679492056
G5600450,71.52212287299335
G5600450,76.04549450101331
G5600450,67.8901002840139
G5600450,71.9405775051564
G5600450,75.3827382628806
G5600450,78.45962726557627
G5600450,71.72616290394217
G5600450,70.17706902418286
G5600450,71.1491902237758
G5600450,75.28904386702925
G5600450,72.01146316761151
G5600450,71.39808353967965
G5600450,76.87262056581676
G5600450,70.26926911599003
G5600450,71.20323275215924
G5600450,72.09589282888919
G5600450,70.40770588302985
G5600450,72.56277145631611
G5600450,70.93293338967487
G5600450,73.71500952728093
G5600450,68.98569523077458
G5600450,80.28964769328013
G5600450,76.36699006706476
G5600450,76.77762277796865
G5600450,73.94904051302001
G5600450,74.85714422212914
G5600450,68.28477623639628
G5600450,71.71765949996188
G5600450,72.86394310416654
G5600450,82.8186549958773
G5600450,65.09688043501228
G5600450,74.79474015999585
G5600450,72.98091432405636
G5600450,69.84993034880608
G5600450,72.42157187918201
G5600450,72.25809471774846
G5600450,73.33021840220317
G5600450,70.36354277282953
G5600450,73.3287533223629
G5600450,73.45028354693204
G5600450,71.35346905700862
G5600450,72.52553616091609
G5600450,70.94262425694615
G5600450,74.20530536584556
G5600450,80.61267820186913
G5600450,79.724036549218
G5600450,71.52388769714162
G5600450,72.49873718386516
G5600450,71.09318609116599
G5600450,73.50156745687127
G5600450,77.69182046316564
G5600450,65.10694812517613
G5600450,74.35645063919947
G5600450,76.51997753465548
G5600450,76.90698802424595
G5600450,76.78107724804431
G5600450,70.02991389622912
G5600450,73.70639111800119
G5600450,78.35504276491702
G5600450,70.83169400133193
G5600450,79.82113972911611
G5600450,72.63513907976449
G5600450,79.222103565
G5600450,44.647140628192574
G5600450,74.50041093491018
G5600450,67.1446943199262
G5600450,74.57398706208915
G5600450,74.83186170598492
G5600450,76.58046532003209
G5600450,73.63785737333819
G5600450,75.65192740783095
G5600450,73.261508570984
G5600450,71.18934249319136
G5600450,75.78773283120245
G5600450,72.69215188687667
G5600450,76.86807751702145
G5600450,80.0520875020884
G5600450,72.6519700307399
G5600450,71.07954073185101
G5600450,74.71792795602232
G5600450,76.43008090462536
G5600450,74.95934776077047
G5600450,77.97038202499971
G5600450,70.69596062414348
G5600450,72.27538252528757
G5600450,69.36359152616933
G5600450,72.3836914608255
G5600450,76.73047100007534
G5600450,78.37343143392354
G5600450,77.59330919291824
G5600450,77.60086087789387
G5600450,76.28673276212066
G5600450,74.82113286200911
G5600450,71.45415479270741
G5600450,72.41264644311741
G5600450,78.21307050995529
G5600450,88.20027152029797
G5600450,70.86524750571698
G5600450,74.59729527775198
G5600450,72.68343057436869
G5600450,71.62488648016006
G5600450,68.71675625792705
G5600450,66.38425018219277
G5600450,75.17128291679546
G5600450,79.36469310568646
G5600450,80.52095027593896
G5600450,75.73664845200256
G5600450,71.29379617189988
G5600450,74.12001335481182
G5600450,72.47289921389893
G5600450,76.56417769286782
G5600450,81.29887528903782
G5600450,74.4254144160077
G5600450,35.01487991726026
G5600450,75.56072501186281
G5600450,73.00884391693398
G5600450,68.37556065618992
G5600450,72.74278729595244
G5600450,73.70747274206951
G5600450,70.70321340067312
G5600450,73.95824423991144
G5600450,70.35412871511653
G5600450,73.68762270221487
G5600450,69.09324561525136
G5600450,77.90670609287918
G5600450,60.08913369011134
G5600450,72.7474506800063
G5600450,75.05756219197065
G5600450,70.54525471804664
G5600450,70.30712610203773
G5600450,79.49875384476036
G5600450,75.73554243706167
G5600450,74.08703227806836
G5600450,71.97559733409435
G5600450,72.23509869724512
G5600450,73.2714798990637
G5600450,75.15129567589611
G5600450,69.76006306894124
G5600450,73.62899147206917
G5600450,76.09416833007708
G5600450,72.43429227010347
G5600450,79.68772716028616
G5600450,75.99489090684801
G5600450,28.509621639270335
G5600450,73.05202441988513
G5600450,73.34552413318306
G5600450,73.12650745082647
G5600450,69.76615913026035
G5600450,73.27043097419664
G5600450,70.6959823910147
G5600450,71.84465301269665
G5600450,67.51859685778618
G5600450,71.37982836784795
G5600450,71.50844017555937
G5600450,75.54005178483203
G5600450,79.90731648635119
G5600450,72.72387308022007
G5600450,71.22425644588657
G5600450,68.6320847789757
G5600450,72.68578821280971
G5600450,70.93813391216099
G5600450,72.67610188294202
G5600450,74.49574511265382
G5600450,75.02186360117048
G5600450,73.43513045483269
G5600450,69.88635391416028
G5600450,73.78304440015927
G5600450,46.489970688242465
G5600450,74.81151929800399
G5600450,64.22015067189932
G5600450,88.63859401224181
G5600450,73.86197545938194
G5600450,71.17314271163195
G5600450,72.91716868802905
G5600450,71.81699330499396
G5600450,62.17398917907849
G5600450,73.82915857015178
G5600450,68.07330506993458
G5600450,74.00738636637107
G5600450,66.81922677485272
G5600450,74.27902631275356
G5600450,72.11126862186939
G5600450,73.7788688368164
G5600450,70.76894674170762
G5600450,79.40270392876118
G5600450,75.74557841708884
G5600450,74.79669883102179
G5600450,73.93196003232151
G5600450,60.202629707288
G5600450,77.71434638369828
G5600450,72.9687123359181
G5600450,68.77076794113964
G5600450,70.61954247672111
G5600450,72.88501632679254
G5600450,70.92182969208807
G5600450,71.5317078717053
G5600450,75.11025646841154
G5600450,73.71403839299455
G5600450,81.91457992978394
G5600450,72.9953636918217
G5600450,72.62611153209582
G5600450,81.76071405503899
G5600450,75.34916823264211
G5600450,78.48516318621114
G5600450,77.45853038458154
G5600450,72.70915800519288
G5600450,71.92159587610513
G5600450,80.41285775508732
G5600450,68.04608941916376
G5600450,78.36749903298914
G5600450,73.35462381783873
G5600450,75.50655524572358
G5600450,69.99232334271073
G5600450,72.93849076610059
G5600450,77.36878916993737
G5600450,65.64811852574348
G5600450,71.12374428613111
G5600450,60.671906230039895
G5600450,73.459487834014
G5600450,71.70981627935544
G5600450,72.1191244139336
G5600450,26.18744635814801
G5600450,71.59133893297985
G5600450,74.33208863809705
G5600450,73.59241608902812
G5600450,84.36603060597554
G5600450,71.13894970016554
G5600450,76.10329970624298
G5600450,73.83087990898639
G5600450,72.20570348296314
G5600450,72.83736713882536
G5600450,68.74549829680473
G5600450,72.44408135209233
G5600450,81.27963278768584
G5600450,74.64519969234243
G5600450,73.2820449299179
G5600450,71.92463600402698
G5600450,79.42556323995814
G5600450,68.79449892509729
G5600450,59.45069865882397
G5600450,79.25464991899207
G5600450,73.3254739488475
G5600450,71.60747428005561
G5600450,63.990988756064326
G5600450,74.70329399220645
G5600450,75.46955536981113
G5600450,83.10739989532158
G5600450,70.06703803595155
G5600450,65.26242046616971
G5600450,76.86299672583118
G5600450,74.40957249095663
G5600450,74.80721812322736
G5600450,66.25048106210306
G5600450,73.73886769078672
G5600450,90.07437919592485
G5600450,73.91771972877905
G5600450,72.63728118920699
G5600450,68.0458796210587
G5600450,67.2444093869999
G5600450,75.64686709782109
G5600450,73.88245146907866
G5600450,69.13376783719286
G5600450,72.9071391671896
G5600450,65.29405816271901
G5600450,72.16328075388446
G5600450,72.73435681220144
G5600450,67.58551260828972
G5600450,70.32177690183744
G5600450,69.58430831506848
G5600450,71.08760988665745
G5600450,73.98334087897092
G5600450,73.79988086596131
G5600450,71.01562492363155
G5600450,73.67416537925601
G5600450,76.08514055516571
G5600450,71.73880706494674
G5600450,74.327861382626
G5600450,73.78644555900246
G5600450,72.62735226517543
G5600450,72.72220324072987
G5600450,73.03594844089821
G5600450,75.59682835126296
G5600450,70.43530803266913
G5600450,70.50850995676592
G5600450,74.65137598104775
G5600450,69.10951508628204
G5600450,67.42012929497287
G5600450,65.41160357510671
G5600450,83.31065763393417
G5600450,73.20414664410055
G5600450,73.21246531791985
G5600450,76.6814953670837
G5600450,71.36110976990312
G5600450,76.35281264223158
G5600450,72.57925743609667
G5600450,65.60687516117468
G5600450,73.91339067136869
G5600450,74.9511767742224
G5600450,73.76538365427405
G5600450,74.60889942804351
G5600450,74.31119778892025
G5600450,71.55737249273807
G5600450,67.99902055505663
G5600450,77.61096110800281
G5600450,72.28079971205443
G5600450,72.30837357696146
G5600450,75.38933589402586
G5600450,70.88845898583531
G5600450,70.90536581818014
G5600450,72.86667994316667
G5600450,71.37559557519853
G5600450,77.31822555093095
G5600450,73.13565545086749
G5600450,62.985143695026636
G5600450,73.40672265319154
G5600450,71.25049376487732
G5600450,70.08538656681776
G5600450,74.88677490269765
G5600450,75.42348884930834
G5600450,76.62774793198332
G5600450,76.09197665611282
G5600450,63.226373771205544
G5600450,73.27300438238308
G5600450,74.32289245119318
G5600450,73.14244467113167
G5600450,75.16437899786979
G5600450,79.83263950515538
G5600450,81.05161725217476
G5600450,77.59647074574605
G5600450,70.97713348688558
G5600450,38.63507628906518
G5600450,75.59916184702888
G5600450,75.3197855851613
G5600450,73.2017252468504
G5600450,71.98784037819132
G5600450,70.70300650782883
G5600450,73.19107833597809
G5600450,71.45973257999867
G5600450,82.37632928229868
G5600450,76.44308998994529
G5600450,65.71643298212439
G5600450,73.09681922011077
G5600450,67.3826721040532
G5600450,71.9605325050652
G5600450,71.00760066788644
G5600450,76.18414800288156
G5600450,73.67216569930315
G5600450,75.45609618909657
G5600450,66.63223073771223
G5600450,76.3980648019351
G5600450,76.26738919690251
G5600450,71.73913170397282
G5600450,72.02457146858796
G5600450,74.79188103182241
G5600450,75.12146876892075
G5600450,74.32188552897424
G5600450,72.44796831021085
G5600450,68.67545939888805
G5600450,72.9733590609394
G5600450,88.88030017120764
G5600450,82.43986200075597
G5600450,73.20689574396238
G5600450,69.42404626077041
G5600450,69.60147277498618
G5600450,84.73535151500255
G5600450,85.54502265015617
G5600450,74.98334945202805
G5600450,76.7329480596818
G5600450,69.45905150379986
G5600450,72.93423623684794
G5600450,72.87197225587443
G5600450,73.80443978402764
G5600450,76.74717516591772
G5600450,77.09770588297397
G5600450,74.71047373721376
G5600450,89.09653474809602
G5600450,74.0875110430643
G5600450,74.48429239215329
G5600450,72.24468842567876
G5600450,72.2141638500616
G5600450,75.46166060026735
G5600450,72.91206709388644
G5600450,72.17112469673157
G5600450,74.71258628182113
G5600450,74.56968003790826
G5600450,73.66252116300166
G5600450,67.68449935689569
G5600450,68.94383745267987
G5600450,70.19001104217023
G5600450,82.68018659437075
G5600450,73.3226732602343
G5600450,70.82444926165044
G5600450,75.26174402236938
G5600450,71.86262783408165
G5600450,76.66049717180431
G5600450,74.52133277524263
G5600450,71.65318378107622
G5600450,75.07748617604375
G5600450,76.66801625303924
G5600450,72.20377198886126
G5600450,70.21181654231623
G5600450,70.01507122418843
G5600450,75.06193098379299
G5600450,73.85871916171163
G5600450,71.97876034723595
G5600450,76.68245641328394
G5600450,70.30820158496499
G5600450,81.29534614644945
G5600450,82.8065391080454
G5600450,75.92775769904256
G5600450,71.62817544816062
G5600450,69.64596374891698
G5600450,69.98117573326454
G5600450,73.80729074310511
G5600450,75.45950020989403
G5600450,72.01123494375497
G5600450,67.91111456416547
G5600450,75.8721217000857
G5600450,72.32366059208289
G5600450,73.92513116588816
G5600450,73.85769076412544
G5600450,76.85144422063604
G5600450,70.54547359794378
G5600450,74.08010381506756
G5600450,75.27858885005116
G5600450,73.10218798182905
G5600450,75.29624575609341
G5600450,74.48676477512345
G5600450,67.38348839990795
G5600450,72.5872342819348
G5600450,73.82427620375529
G5600450,65.88736714888364
G5600450,68.07541398564354
G5600450,65.00649184500799
G5600450,76.58432950777933
G5600450,74.50290659675375
G5600450,72.65852931817062
G5600450,84.66796455904841
G5600450,72.82281928416342
G5600450,66.37696560937911
G5600450,74.2091541448608
G5600450,80.81508629396558
G5600450,74.74755411595106
G5600450,70.95785373076797
G5600450,71.16773286135867
G5600450,71.75395327387378
G5600450,72.72450470901094
G5600450,70.80533221783116
G5600450,70.19748500781134
G5600450,73.98535913275555
G5600450,70.65230790805072
G5600450,77.94593536201864
G5600450,65.28318123612553
G5600450,89.39204102801159
G5600450,73.48956468701363
G5600450,80.56569489371032
G5600450,70.05274862470105
G5600450,74.68042944883928
G5600450,72.09821545286104
G5600450,71.2636009179987
G5600450,70.40476951934397
G5600450,66.14405446592718
G5600450,80.05562159605324
G5600450,82.44619555165991
G5600450,73.91960535012186
G5600450,72.4596155891195
G5600450,73.14459334220737
G5600450,75.93052291264758
G5600450,62.2010509269312
G5600450,66.4059731462039
G5600450,65.95238542975858
G5600450,74.73280890099704
G5600450,80.48068401403725
G5600450,34.79912467580289
G5600450,66.64928557910025
G5600450,76.3405951531604
G5600450,72.81362967705354
G5600450,69.76517088199034
G5600450,73.23200869979337
G5600450,77.60256939008832
G5600450,80.23037783009931
G5600450,68.14612223021686
G5600450,74.84817532123998
G5600450,75.22311182995327
G5600450,74.95616668974981
G5600450,75.28407393489033
G5600450,74.2821271601133
G5600450,71.30817086715251
G5600450,74.31053243717179
G5600450,84.81656757183373
G5600450,75.59272597171366
G5600450,82.48526566196233
G5600450,74.13366836681962
G5600450,75.99044202687219
G5600450,73.10729025304317
G5600450,72.55577336996794
G5600450,75.16469148593023
G5600450,72.49543632520363
G5600450,70.11666358122602
G5600450,79.16733367787674
G5600450,70.16732103703544
G5600450,72.11660380894318
G5600450,74.37286997912452
G5600450,72.13649591896683
G5600450,68.84770257724449
G5600450,74.99201570404693
G5600450,82.62773457169533
G5600450,74.46570522617549
G5600450,72.49588056094944
G5600450,73.98717473400757
G5600450,76.66319103073329
G5600450,73.08293918287382
G5600450,77.58914772607386
G5600450,77.1492038872093
G5600450,77.19307639403269
G5600450,76.64808885613456
G5600450,74.65837775915861
G5600450,72.22171780001372
G5600450,78.81949448678643
G5600450,71.61723867990077
G5600450,70.42286096094176
G5600450,82.40632695425302
G5600450,71.73800036124885
G5600450,76.35055906884372
G5600450,77.02417575800791
G5600450,71.2987204240635
G5600450,71.17826823610812
G5600450,72.9013674929738
G5600450,65.1841262690723
G5600450,68.87886544922367
G5600450,78.53166275471449
G5600450,71.04298228770494
G5600450,73.68249003170058
G5600450,72.70317635592073
G5600450,65.98803311306983
G5600450,72.3723891149275
G5600450,72.35658029001206
G5600450,77.38165550492704
G5600450,71.43231532908976
G5600450,77.1391223622486
G5600450,76.4396059261635
G5600450,80.21461749915034
G5600450,66.35758515680209
G5600450,71.19711520709097
G5600450,72.53853837912902
G5600450,95.53273115260527
G5600450,73.78345686011016
G5600450,71.92125395685434
G5600450,76.83682817406952
G5600450,71.991685945075
G5600450,68.9455322320573
G5600450,75.0276032728143
G5600450,63.09319479390979
G5600450,76.31140551576391
G5600450,86.42551232175902
G5600450,75.61114061390981
G5600450,68.43503967067227
G5600450,80.32607370009646
G5600450,75.36641267128289
G5600450,74.42777341604233
G5600450,68.5673340652138
G5600450,82.90109811304137
G5600450,79.04244123119861
G5600450,77.62593209464103
G5600450,67.62202777480707
G5600450,72.7466435097158
G5600450,75.9702822258696
G5600450,82.94016684498638
G5600450,72.9855344016105
G5600450,27.604841352906078
G5600450,74.13869371311739
G5600450,74.75685006100684
G5600450,67.23559086211026
G5600450,83.44571693520993
G5600450,73.90650238096714
G5600450,70.563585489057
G5600450,72.35514464881271
G5600450,74.87414918001741
G5600450,70.99478002591059
G5600450,74.2963756560348
G5600450,69.28170174686238
G5600450,75.6395079116337
G5600450,71.87600031960756
G5600450,75.26385516580194
G5600450,76.61350036878139
G5600450,71.73668299196288
G5600450,71.16180185275152
G5600450,24.904134625103325
G5600450,66.56518713082187
G5600450,72.11828046804294
G5600450,75.71369063598104
G5600450,72.11507472814992
G5600450,70.28240480693057
G5600450,82.08225125912577
G5600450,69.66692146798596
G5600450,74.29314812505618
G5600450,69.02854465693235
G5600450,70.52035722089931
G5600450,73.35249941516668
G5600450,74.0980495926924
G5600450,73.53796049533412
G5600450,72.93200259003788
G5600450,75.22700365586206
G5600450,74.7801677561365
G5600450,81.79188024299219
G5600450,73.9916804577224
G5600450,75.99692530184984
G5600450,74.7710640616715
G5600450,70.50805890187621
G5600450,81.90172172989696
G5600450,71.5023481878452
G5600450,69.32687844196334
G5600450,73.18275699205697
G5600450,75.63361636875197
G5600450,71.58588116569445
G5600450,78.2931639100425
G5600450,73.7538715179544
G5600450,77.08432386023924
G5600450,70.23761086538434
G5600450,75.71507130097598
G5600450,75.5759181692265
G5600450,39.284815029241145
G5600450,67.87014703406021
G5600450,72.10329301608726
G5600450,60.92542506568134
G5600450,71.38973668590188
G5600450,73.69685715157539
G5600450,72.39032821403816
G5600450,71.58538670185953
G5600450,75.72242800099775
G5600450,77.75863925972953
G5600450,73.81548316706903
G5600450,72.21781599428505
G5600450,75.01156590180472
G5600450,70.23753616772592
G5600450,69.40650641778484
G5600450,78.65977673698217
G5600450,70.87774983979762
G5600450,70.77236341265962
G5600450,72.4068340039812
G5600450,78.23445574194193
G5600450,74.3296076678671
G5600450,78.99817924806848
G5600450,74.39342421386391
G5600450,76.93321647495031
G5600450,74.83470205077901
G5600450,71.38145728316158
G5600450,76.03631730470806
G5600450,72.4343362050131
G5600450,77.2543583298102
G5600450,73.21285145822912
G5600450,72.88853273680434
G5600450,70.84949488099664
G5600450,72.61362716555595
G5600450,70.68256136914715
G5600450,71.54250073200092
G5600450,73.99082327215001
G5600450,67.13300458434969
G5600450,81.31754226610065
G5600450,66.13270314782858
G5600450,75.16933840094134
G5600450,78.05764109035954
G5600450,84.24667234765366
G5600450,77.75626903539523
G5600450,77.1894792066887
G5600450,70.47107214806601
G5600450,67.66825336590409
G5600450,72.23584475414827
G5600450,79.10488152783364
G5600450,73.51276778010651
G5600450,69.02157253073528
G5600450,77.80341008864343
G5600450,75.77386415470392
G5600450,74.55146278301254
G5600450,70.63334825122729
G5600450,74.37439428316429
G5600450,73.58240388007835
G5600450,71.14537643780932
G5600450,67.8193059549667
G5600450,72.96220143372193
G5600450,75.22628555074334
G5600450,78.5423987689428
G5600450,62.27408706769347
G5600450,69.4467428480275
G5600450,66.15122602880001
G5600450,72.55469429213554
G5600450,69.47390410816297
G5600450,67.97940892819315
G5600450,72.57491970108822
G5600450,68.01742929080501
G5600450,83.00727857137099
G5600450,69.55745690595359
G5600450,73.21804645098746
G5600450,62.16012021386996
G5600450,79.90504152094945
G5600450,72.63619607314467
G5600450,77.98334065685049
G5600450,73.1822101958096
G5600450,64.8180418452248
G5600450,72.0704745426774
G5600450,71.22560240095481
G5600450,74.77215454820544
G5600450,70.5870771156624
G5600450,71.15368480561301
G5600450,68.40612556226552
G5600450,79.7847381690517
G5600450,70.31866321293637
G5600450,74.40779039915651
G5600450,70.53363473061472
G5600450,71.94472669600509
G5600450,78.84005037602037
G5600450,73.18680824479088
G5600450,74.07527030911297
G5600450,76.5868827807717
G5600450,69.90421488927677
G5600450,75.39275699993595
G5600450,73.65011942293495
G5600450,71.75418899906799
G5600450,68.96676015574485
G5600450,73.4990645442158
G5600450,66.0100008547306
G5600450,78.44703557901084
G5600450,70.98717005830258
G5600450,76.73449033359066
G5600450,75.79116424592212
G5600450,68.76743918005377
G5600450,74.74568530777469
G5600450,71.47857669135556
G5600450,72.13259007385932
G5600450,74.00907418364659
G5600450,72.08338038017973
G5600450,73.82606241293252
G5600450,77.23147225286812
G5600450,72.76481322897598
G5600450,72.08751282887533
G5600450,79.72348817391321
G5600450,72.79783396190032
G5600450,73.085021359846
G5600450,77.18415601598099
G5600450,82.31531174201518
G5600450,73.92461354285479
G5600450,77.84690871322528
G5600450,70.70708753820509
G5600450,23.8106083907187
G5600450,75.9468980981037
G5600450,68.28141010506079
G5600450,82.67861686320975
G5600450,73.42928855214268
G5600450,75.32795208273456
G5600450,74.66309596179053
G5600450,73.40832174383104
G5600450,77.59693382075056
G5600450,75.19549896987155
G5600450,69.35768397292122
G5600450,73.23012686474249
G5600450,80.36198877776042
G5600450,74.17750452179462
G5600450,70.56896283570677
G5600450,74.85984939429909
G5600450,77.43468635575846
G5600450,72.90927676996216
G5600450,78.74128987500444
G5600450,74.48811068292707
G5600450,67.05309607740492
G5600450,70.21896716207266
G5600450,70.56266892002895
G5600450,52.085929785855114
G5600450,70.79805483389646
G5600450,73.84024001704529
G5600450,81.13502127304673
G5600450,81.33306746790186
G5600450,72.04133826587349
G5600450,75.77301101200283
G5600450,63.64981398312375
G5600450,76.27642492624
G5600450,74.26028371602297
G5600450,73.72873493796214
G5600450,75.7662833398208
G5600450,76.72786539234221
G5600450,72.6713491352275
G5600450,72.568834671285
G5600450,74.4163828799501
G5600450,71.68445942830294
G5600450,75.88076097238809
G5600450,71.78160231374204
G5600450,73.95051632309332
G5600450,70.19371561985463
G5600450,78.89072001725435
G5600450,72.27425408130512
G5600450,71.88065288728103
G5600450,72.54009178373963
G5600450,78.33748510433361
G5600450,72.62650319095701
G5600450,76.09506136598065
G5600450,69.37728709820658
G5600450,79.87467717798427
G5600450,80.42112478101626
G5600450,65.63297979719937
G5600450,67.94363750098273
G5600450,75.36194020370021
G5600450,88.03986821882427
G5600450,68.4552219491452
G5600450,79.62189692584798
G5600450,73.50261311186478
G5600450,72.07191340113059
G5600450,73.36697904625908
G5600450,75.17498146183789
G5600450,73.23028935585171
G5600450,68.46846698829904
G5600450,75.97301168600097
G5600450,76.22845311788842
G5600450,82.2932513449341
G5600450,74.61134268715978
G5600450,73.18649874208495
G5600450,74.75209730584174
G5600450,69.48581176996231
G5600450,69.11806030804291
G5600450,73.6417224262841
G5600450,76.53161025280133
G5600450,72.93826262606308
G5600450,81.12917133793235
G5600450,74.58948607323691
G5600450,27.80061919009313
G5600450,71.05022110417485
G5600450,72.97191443387419
G5600450,70.64338688086718
G5600450,74.82959546986967
G5600450,72.0265630967915
G5600450,65.40843310160562
G5600450,75.49652851000428
G5600450,75.79387606307864
G5600450,75.10923459101468
G5600450,79.98440624587238
G5600450,80.29012280981988
G5600450,74.43995577422902
G5600450,68.59496361576021
G5600450,69.99003068124875
G5600450,83.96418767701834
G5600450,79.00315403798595
G5600450,75.13655446935445
G5600450,74.3520189570263
G5600450,75.72018182137981
G5600450,77.80125559819862
G5600450,79.6072376682423
G5600450,71.02508528297767
G5600450,72.57181996293366
G5600450,72.06314439373091
G5600450,67.8859046366997
G5600450,74.58354447875172
G5600450,74.25836265692487
G5600450,74.75574408099055
G5600450,69.03261594800279
G5600450,76.00515030091628
G5600450,75.81060254573822
G5600450,64.9156210240908
G5600450,78.67170858895406
G5600450,82.59390371805057
G5600450,89.44260907266289
G5600450,61.91060995310545
G5600450,77.09938239492476
G5600450,72.88838830217719
G5600450,72.44421724928543
G5600450,72.63425704510882
G5600450,74.52896552812308
G5600450,74.51141203101724
G5600450,76.25167817622423
G5600450,73.6656388589181
G5600450,44.42941699223593
G5600450,82.65451359841973
G5600450,73.3282479653135
G5600450,77.80432863114402
G5600450,72.6348296450451
G5600450,71.72796379262581
G5600450,71.9863858227618
G5600450,74.46575727732852
G5600450,75.66245693294331
G5600450,77.79518391890451
G5600450,74.47232510894537
G5600450,71.46287683397532
G5600450,72.16400051908568
G5600450,75.93953069997951
G5600450,66.43791709793732
G5600450,73.16447460465133
G5600450,74.85538953216746
G5600450,71.21054926281795
G5600450,74.38469411572441
G5600450,67.73961026594043
G5600450,78.69182899594307
G5600450,73.68519254820421
G5600450,75.94778080098331
G5600450,72.49004548881203
G5600450,73.27267502201721
G5600450,76.54404805740342
G5600450,72.34799330309033
G5600450,74.20057759108022
G5600450,68.90876494999975
G5600450,75.03689120290801
G5600450,82.32465572701767
G5600450,67.14144809683785
G5600450,72.39850493893027
G5600450,72.18500002101064
G5600450,73.34530645469204
G5600450,72.17770336382091
G5600450,65.11214582808316
G5600450,71.23115509189665
G5600450,72.20579039305449
G5600450,73.13613307103515
G5600450,70.286325389985
G5600450,84.34983549499884
G5600450,75.11759987985715
G5600450,68.18192813079804
G5600450,83.95804834598675
G5600450,76.66513117216527
G5600450,75.45715498924255
G5600450,73.31196447880939
G5600450,76.36257856804878
G5600450,72.82747682416812
G5600450,72.59171982761472
G5600450,74.82048216182739
G5600450,42.652473570313305
G5600450,75.37551591405645
G5600450,71.1080037066713
G5600450,72.5524274148047
G5600450,71.77937458036467
G5600450,80.09769511315972
G5600450,76.6504167621024
G5600450,73.70372149394825
G5600450,75.79124024417251
G5600450,31.239257697016
G5600450,76.2823921572417
G5600450,71.54352492000908
G5600450,75.96962840715423
G5600450,73.1337013207376
G5600450,73.67157512018457
G5600450,72.57461252412759
G5600450,76.35262145474553
G5600450,74.44501271471381
G5600450,72.78532899031416
G5600450,72.12409228691831
G5600450,71.46817724686116
G5600450,81.21332441875711
G5600450,82.87355195218697
G5600450,72.5158914020285
G5600450,75.87161003099754
G5600450,78.01946006622165
G5600450,83.44493037601933
G5600450,72.71868504909799
G5600450,75.31341163441539
G5600450,74.56026995228603
G5600450,74.92395746009424
G5600450,78.66744867572561
G5600450,72.81462088786066
G5600450,72.58493964513764
G5600450,69.57597285695374
G5600450,70.51526512904093
G5600450,75.820008110255
G5600450,76.35947462776676
G5600450,72.92675477219746
G5600450,75.27135496586561
G5600450,71.77724900608882
G5600450,72.70364038506523
G5600450,77.59252790501341
G5600450,77.24763251468539
G5600450,74.45157910883427
G5600450,71.57459095306695
G5600450,73.85399231594056
G5600450,72.4817225150764
G5600450,69.29517543688416
G5600450,33.620577534195036
G5600450,82.02268558274955
G5600450,73.39919120492414
G5600450,76.43684693612158
G5600450,72.07942279102281
G5600450,81.34907005215064
G5600450,72.4897321718745
G5600450,76.49914004281163
G5600450,79.77505531068891
G5600450,74.05806174688041
G5600450,73.5805360279046
G5600450,73.68031834298745
G5600450,68.50189100997522
G5600450,27.65179563499987
G5600450,70.31543162371963
G5600450,75.87341639166698
G5600450,73.60272518405691
G5600450,64.98803733289242
G5600450,75.21562716504559
G5600450,26.219364523887634
G5600450,70.75592677341774
G5600450,76.64129734179005
G5600450,77.34130809409544
G5600450,71.49731096299365
G5600450,76.46202041069046
G5600450,69.36613099090755
G5600450,76.08417779626325
G5600450,72.28495876118541
G5600450,74.03322584182024
G5600450,72.78801826899871
G5600450,73.99941697204486
G5600450,75.18691926868632
G5600450,69.21400567004457
G5600450,77.43602042691782
G5600450,68.12197540374473
G5600450,71.0026206318289
G5600450,81.55049440590665
G5600450,71.83719345089048
G5600450,71.96560496091843
G5600450,74.00436625629663
G5600450,68.19926346698776
G5600450,76.06233119685203
G5600450,71.31399420602247
G5600450,74.89723925711587
G5600450,78.19834043411538
G5600450,64.81216045981273
G5600450,77.95610882528126
G5600450,67.23901140317321
G5600450,76.16272455919534
G5600450,72.89170973282307
G5600450,74.86479869298637
G5600450,73.66414516977966
G5600450,73.56205231510103
G5600450,75.46462104609236
G5600450,80.30980173777789
G5600450,75.70038752490655
G5600450,74.33362392289564
G5600450,73.3840576899238
G5600450,76.16042296588421
G5600450,75.50689996918663
G5600450,72.8432968435809
G5600450,77.54822742613032
G5600450,73.5781364068389
G5600450,70.53667933307588
G5600450,74.2726494781673
G5600450,75.05781294871122
G5600450,71.42390787089244
G5600450,72.19369729491882
G5600450,68.83975440030918
G5600450,72.9491385850124
G5600450,56.99992653913796
G5600450,67.99230163218454
G5600450,76.46064507868141
G5600450,72.54459197632968
G5600450,74.59967484511435
G5600450,73.04532936913893
G5600450,70.75541061582044
G5600450,81.98892295407131
G5600450,73.37522608367726
G5600450,76.65914370305836
G5600450,70.49592012166977
G5600450,73.77359517291188
G5600450,75.00088727520779
G5600450,83.95809219498187
G5600450,29.513054667040706
G5600450,76.77471870277077
G5600450,72.43673480395228
G5600450,72.95207429211587
G5600450,70.77884227503091
G5600450,72.69854165660217
G5600450,73.10526312002912
G5600450,71.64043456711806
G5600450,65.95334001490846
G5600450,74.0289803869091
G5600450,76.11162200104445
G5600450,73.40971234068274
G5600450,72.592500153929
G5600450,71.14007319509983
G5600450,88.83093797508627
G5600450,73.04989032913
G5600450,71.66790954209864
G5600450,74.06896009482443
G5600450,35.10157036362216
G5600450,76.9530413551256
G5600450,72.50061404285952
G5600450,69.42800460476428
G5600450,73.51521158916876
G5600450,35.9881740170531
G5600450,77.35488179698586
G5600450,74.79312653327361
G5600450,79.57639416400343
G5600450,69.58358386298642
G5600450,68.01788722304627
G5600450,73.39634890668094
G5600450,81.58178531611338
G5600450,70.4789608293213
G5600450,78.66631378699094
G5600450,69.88503798795864
G5600450,73.68911849102005
G5600450,73.84910382330418
G5600450,74.71112164319493
G5600450,71.89089867798612
G5600450,72.37315887026489
G5600450,74.05503955623135
G5600450,73.83786549326032
G5600450,85.88537280727178
G5600450,71.2830660128966
G5600450,72.67175365891308
G5600450,71.6110033406876
G5600450,30.44219152163714
G5600450,75.86029973486438
G5600450,73.28001189092174
G5600450,74.8737637498416
G5600450,80.59090149775147
G5600450,71.11127158394083
G5600450,72.31117449188605
G5600450,73.8401630972512
G5600450,33.66466143215075
G5600450,75.46161917084828
G5600450,43.501595865003765
G5600450,53.05943297361955
G5600450,73.19196085911244
G5600450,75.22952654166147
G5600450,78.08412968600169
G5600450,73.87057895073667
G5600450,76.46644813893363
G5600450,74.49721343116835
G5600450,78.17613387759775
G5600450,71.5056763458997
G5600450,71.74977188603953
G5600450,75.08604707475752
G5600450,75.32443660497665
G5600450,65.16065702401102
G5600450,41.946749744936824
G5600450,63.144416147843
G5600450,69.38075608527288
G5600450,79.40815415699035
G5600450,78.99784895218909
G5600450,72.80840521585196
G5600450,71.62846117606387
G5600450,74.95500856731087
G5600450,70.65564530901611
G5600450,72.27265760488808
G5600450,71.5846765069291
G5600450,74.19578541815281
G5600450,81.73001442523673
G5600450,75.11938776215538
G5600450,72.03927139798179
G5600450,74.12590657314286
G5600450,70.9137703878805
G5600450,72.83391070179641
G5600450,76.8909792448394
G5600450,66.12707821559161
G5600450,79.30435577081516
G5600450,73.57778860395774
G5600450,62.02194075239822
G5600450,76.48182500293478
G5600450,70.07291035307571
G5600450,70.21938929287717
G5600450,69.89783221110702
G5600450,75.12730860104784
G5600450,70.23184439213946
G5600450,78.87841454101726
G5600450,71.08909504022449
G5600450,70.7814708687365
G5600450,73.87854772666469
G5600450,75.49864256195724
G5600450,77.76261731190607
G5600450,71.12005768716335
G5600450,72.79454361088574
G5600450,80.13949497183785
G5600450,72.42471479764208
G5600450,77.61735834088176
G5600450,67.01619972009212
G5600450,78.38525316398591
G5600450,75.06537815602496
G5600450,72.46824043197557
G5600450,72.37848701188341
G5600450,73.58780182898045
G5600450,76.30109176971018
G5600450,73.26638620812446
G5600450,72.77903040964156
G5600450,67.64805936207995
G5600450,74.48485318897292
G5600450,84.58152044797316
G5600450,71.5380712710321
G5600450,82.9966834448278
G5600450,75.60745709203184
G5600450,75.02737539121881
G5600450,74.52260653208941
G5600450,71.12238272605464
G5600450,69.32191815692931
G5600450,84.06102794921026
G5600450,72.73940104385838
G5600450,67.75642363307998
G5600450,72.50300754979253
G5600450,71.51909196237102
G5600450,70.83999049197882
G5600450,76.14286174625158
G5600450,73.60218098200858
G5600450,76.48863430507481
G5600450,71.60845850314945
G5600450,75.35694958502427
G5600450,73.36130500258878
G5600450,82.99587942985818
G5600450,73.04072004603222
G5600450,69.28597963601351
G5600450,79.3932237541303
G5600450,70.53548672422767
G5600450,75.53225569799542
G5600450,77.49212310276926
G5600450,73.42699442477897
G5600450,73.83437364920974
G5600450,73.0821475777775
G5600450,73.53493347810581
G5600450,75.22430804371834
G5600450,65.95120504265651
G5600450,71.96700517600402
G5600450,75.90722925309092
G5600450,75.54488226724789
G5600450,70.35795507812873
G5600450,74.12621925305575
G5600450,73.8106555622071
G5600450,69.76263372413814
G5600450,72.65288309194148
G5600450,79.6177770937793
G5600450,76.29203888680786
G5600450,72.49278241442516
G5600450,70.6632334808819
G5600450,71.52027050033212
G5600450,85.63020470319316
G5600450,71.51055356813595
G5600450,72.81692770123482
G5600450,81.76271440507844
G5600450,80.48058473225683
G5600450,74.61964308097959
G5600450,72.6092140157707
G5600450,74.18322478490882
G5600450,76.60702433437109
G5600450,74.09127975534648
G5600450,71.51287565706298
G5600450,73.76858046418056
G5600450,72.69485805276781
G5600450,66.62706129811704
G5600450,75.62423982191831
G5600450,73.2847996847704
G5600450,68.04976463597268
G5600450,70.34938766318373
G5600450,71.40305197564885
G5600450,73.92955812066793
G5600450,80.6251025008969
